{"bookmarks":[{"pageid":11,"title":"收入","x":-31.499999061226873,"y":-107.99999678134928}]}