{"bookmarks":[{"pageid":19,"title":"书签标题","x":-10.61797721164951,"y":273.9438120605574}]}